,male_names,female_names
0,Ruben,Henriette
1,Godefridus,Gerritdina
2,Klaas,Natasja
3,Bertus,Manuela
4,Lambertus,Belinda
5,Teunis,Anita
6,Simon,Vera
7,Rob,Pieternella
8,Marcus,Teuntje
9,Olaf,Catharina
10,Harry,Angélique
11,Eduard,Maria
12,Bastiaan,Joyce
13,Jan,Bertha
14,Arie,Petra
15,Leendert,Nancy
16,Roland,Clara
17,Emiel,Jannie
18,Cornelius,Mariëlle
19,Marcel,Jeanette
20,Paulus,Ellen
21,Anthonius,Monique
22,Abraham,Danielle
23,Gerardus,Esther
24,Remco,Cynthia
25,Hendrikus,Loes
26,Willem,Theresia
27,Albert,Nicole
28,Michiel,Paulina
29,Guido,Suzanne
30,Steven,Mireille
31,Martinus,Linda
32,Arno,Jacoba
33,Leo,Anneke
34,David,Nikki
35,Hubertus,Wilma
36,Jurgen,Manon
37,George,Eline
38,André,Natascha
39,Theodorus,Ilse
40,Derk,Engelina
41,Menno,Christine
42,Gerhardus,Brenda
43,Sander,Elisabeth
44,Jasper,Annette
45,Gijsbert,Priscilla
46,Richard,Gertrudis
47,Vincent,Kimberly
48,Tom,Louise
49,Robbert,Martha
50,Ferdinand,Pauline
51,Ruud,Mariska
52,Marius,Nicolette
53,Alexander,Wendy
54,Erwin,Joanna
55,Frederik,Cornelia
56,René,Renée
57,Robin,Amanda
58,Anton,Ramona
59,Matthijs,Robin
60,Albertus,Gerritje
61,Michaël,Antje
62,Paul,Marja
63,Frans,Merel
64,Niek,Caroline
65,Rudi,Yvonne
66,Marco,Iris
67,Bob,Marleen
68,Joris,Jacqueline
69,Nick,Francisca
70,Dave,Francina
71,Gerard,Dirkje
72,Pieter,Martine
73,Alfred,Evelien
74,Hermanus,Stephanie
75,Arthur,Sanne
76,Stefan,Susan
77,Antoon,Tamara
78,Berend,Simone
79,Johan,Mathilda
80,Rik,Brigitte
81,Danny,Aleida
82,Joey,Michelle
83,Robertus,Hubertina
84,Raymond,Lisette
85,Wesley,Aaltje
86,Gerrit,Elizabeth
87,Daan,Everdina
88,Joseph,Henderika
89,Kornelis,Sophie
90,Edward,Karin
91,Jelle,Henriëtte
92,Adrianus,Willemina
93,Egbert,Judith
94,Bas,Edith
95,Sven,Sylvia
96,Arend,Amber
97,Martin,Debby
98,Jacob,Annie
99,Rick,Petronella
100,Johannes,Neeltje
101,Arjen,Geertruida
102,Henricus,Inge
103,Benjamin,Frederika
104,Frank,Mandy
105,Max,Janna
106,Barry,Ingeborg
107,Roger,Janny
108,Fredericus,Lotte
109,Reinier,Sabrina
110,Antonius,Gerarda
111,Rogier,Irma
112,Ronaldus,Yolanda
113,Christianus,Nadine
114,Arnold,Lianne
115,Jordy,Saskia
116,Robert,Antoinette
117,Hans,Denise
118,Melvin,Sharon
119,Marcellinus,Ida
120,Arjan,Daphne
121,Mark,Maaike
122,Harold,Nathalie
123,Pascal,Marije
124,Koen,Laura
125,Michel,Sophia
126,Sebastiaan,Christina
127,Ronny,Jansje
128,Gijsbertus,Alberdina
129,Erik,Alexandra
130,Brian,Annemarie
131,Josephus,Astrid
132,Marc,Ingrid
133,Bernard,Jeannette
134,Hendricus,Sandra
135,Andreas,Angelique
136,Marten,Berendina
137,Lars,Josepha
138,Mario,Marloes
139,Hendrik,Leonie
140,Dirk,Miranda
141,Geert,Karen
142,Thijs,Josephina
143,Bernardus,Marijke
144,Christiaan,Adriana
145,Maurice,Agnes
146,John,Charlotte
147,Michael,Lisa
148,Dennis,Henrica
149,Adriaan,Jantina
150,Marinus,Désirée
151,Leonardus,Samantha
152,Mike,Nina
153,Henri,Nienke
154,Laurentius,Trijntje
155,Ronald,Heidi
156,Roel,Nelly
157,Eric,Kimberley
158,Evert,Melanie
159,Petrus,Elise
160,Jeffrey,Louisa
161,Stephan,Johanna
162,Jesse,Helena
163,Luuk,Grietje
164,Rutger,Diana
165,Herman,Cindy
166,Björn,Claudia
167,Leon,Shirley
168,Walter,Mirjam
169,Aart,Agatha
170,Jakob,Marjan
171,Nicolaas,Eveline
172,Jozef,Mirella
173,Nicky,Jannigje
174,Ricardo,Anna
175,Johnny,Sonja
176,Laurens,Marie
177,Wilhelmus,Vanessa
178,Antonie,Hendrikje
179,Patrick,Tanja
180,Christian,Antonetta
181,Maikel,Geesje
182,Bart,Anja
183,Sjoerd,Susanne
184,Dick,Angela
185,Cornelis,Jessica
186,Martijn,Rianne
187,Peter,Bianca
188,Roelof,Geertje
189,Ramon,Daniëlle
190,Joannes,Tessa
191,Franciscus,Wilhelmina
192,Leroy,Carolina
193,Jeroen,Margaretha
194,Wouter,Dina
195,Jacobus,Sabine
196,Louis,Bernadette
197,Edwin,Daisy
198,Roy,Ester
199,Ralph,Silvia
200,Thomas,Patricia
201,Lucas,Marieke
202,Maarten,Ilona
203,Daniël,Margriet
204,Pim,Deborah
205,Rudolf,Paula
206,Anne,Monica
207,Tim,Carla
208,Arnoldus,Lucia
209,Joost,Hendrina
210,Niels,Maartje
211,Ivo,Sandy
212,Kevin,Clasina
213,Harm,Melissa
214,Mitchell,Jantje
215,Karel,Annemieke
216,Bram,Renate
217,Mohamed,Hendrika
218,Andries,Gerda
219,Remko,Kim
